,Naive GCD1,Sieve GCD2,Eucli GCD3
0,6.958987796679139,23.500004317611456,1.4170072972774506
1,3.2919924706220627,18.50002445280552,0.8749775588512421
2,9.583018254488707,40126.208012225106,1.4170072972774506
3,3.749999450519681,6.834015948697925,0.9170034900307655
4,8.08399636298418,719.7919767349958,1.9999861251562834
5,165122.45900230482,10184812.208026415,6.207992555573583
