,Naive GCD1,Sieve GCD2,Eucli GCD3
0,6.167014362290502,23.083004634827375,1.1250085663050413
1,2.9999937396496534,17.37498678267002,0.7920025382190943
2,7.08398874849081,38346.16701351479,1.3750104699283838
3,3.1669915188103914,22.208987502381206,1.2920063454657793
4,8.792005246505141,749.1669966839254,1.9589788280427456
5,166508.6249995511,9961462.124978425,4.624977009370923
