,Naive GCD1,Sieve GCD2,Eucli GCD3
0,12.00000406242907,32.750016544014215,2.9579969123005867
1,22.249994799494743,20948.125020368025,5.542009603232145
